input_id,prompt_id,arcface_cosine_face1,arcface_cosine_face2,clip_t,psnr,ssim
img_001.webp,prompt_01,48.30%,42.96%,23.38%,33.8171,98.12%
img_001.webp,prompt_02,50.03%,45.29%,28.04%,32.6153,97.45%
img_001.webp,prompt_03,41.31%,41.55%,29.31%,30.7989,97.19%
img_001.webp,prompt_04,56.87%,39.32%,29.64%,35.3803,98.12%
img_001.webp,prompt_05,46.14%,48.30%,33.61%,29.9426,96.79%
img_001.webp,prompt_06,49.50%,44.56%,33.90%,33.1768,96.89%
img_001.webp,prompt_07,45.56%,48.09%,32.29%,31.3298,97.34%
img_001.webp,prompt_08,50.98%,39.32%,31.71%,33.1874,97.68%
img_001.webp,prompt_09,49.29%,44.20%,37.96%,31.5014,96.95%
img_001.webp,prompt_10,46.89%,47.76%,28.19%,33.5012,97.94%
img_001.webp,prompt_11,34.86%,34.05%,29.77%,31.8448,96.81%
img_001.webp,prompt_12,41.34%,41.98%,30.42%,29.4361,97.03%
img_001.webp,prompt_13,46.74%,36.33%,30.04%,32.9137,98.15%
img_001.webp,prompt_14,60.37%,46.56%,30.28%,31.7989,96.92%
img_001.webp,prompt_15,49.96%,41.57%,30.75%,33.071,97.62%
img_001.webp,prompt_16,28.83%,37.81%,31.95%,31.8936,97.28%
img_001.webp,prompt_17,39.38%,48.92%,32.49%,35.2448,98.91%
img_001.webp,prompt_18,33.27%,43.25%,28.07%,32.8732,97.85%
img_001.webp,prompt_19,31.03%,36.76%,27.02%,31.9915,97.45%
img_001.webp,prompt_20,55.89%,50.75%,27.20%,31.0131,97.14%
img_001.webp,prompt_21,51.45%,45.09%,26.53%,33.3087,97.29%
img_001.webp,prompt_22,26.35%,21.07%,27.05%,28.7767,96.61%
img_001.webp,prompt_23,39.78%,35.27%,22.78%,32.5342,98.11%
img_001.webp,prompt_24,50.97%,38.23%,24.61%,29.9049,96.92%
img_001.webp,prompt_25,48.12%,50.83%,22.88%,34.7829,97.76%
img_001.webp,prompt_26,58.11%,53.96%,24.41%,34.7737,97.83%
img_001.webp,prompt_27,43.77%,45.86%,24.62%,34.7887,98.22%
img_001.webp,prompt_28,45.52%,37.34%,24.89%,32.4253,97.42%
img_001.webp,prompt_29,34.31%,38.57%,28.27%,33.9881,97.97%
img_001.webp,prompt_30,44.96%,24.79%,23.91%,31.5145,97.41%
img_001.webp,prompt_31,42.81%,52.03%,30.83%,32.4254,97.48%
img_001.webp,prompt_32,38.29%,30.07%,28.87%,28.276,95.50%
img_001.webp,prompt_33,37.24%,31.33%,25.20%,30.147,96.97%
img_001.webp,prompt_34,55.29%,49.10%,29.09%,35.2016,98.02%
img_001.webp,prompt_35,46.00%,42.80%,26.33%,37.8787,98.12%
img_001.webp,prompt_36,46.00%,42.95%,32.75%,33.129,97.74%
img_001.webp,prompt_37,53.83%,49.42%,26.49%,31.1217,97.48%
img_001.webp,prompt_38,30.19%,42.52%,26.93%,32.1739,97.22%
img_001.webp,prompt_39,46.00%,42.80%,27.96%,31.7221,97.92%
img_001.webp,prompt_40,43.57%,41.56%,25.64%,33.0977,97.42%
img_001.webp,prompt_41,52.75%,44.19%,30.31%,31.9699,97.01%
img_002.webp,prompt_01,44.38%,40.57%,26.23%,36.905,98.60%
img_002.webp,prompt_02,39.97%,43.40%,31.23%,30.8009,96.96%
img_002.webp,prompt_03,48.35%,25.02%,31.43%,31.5766,97.51%
img_002.webp,prompt_04,38.33%,50.11%,31.40%,31.8116,97.02%
img_002.webp,prompt_05,52.74%,31.88%,33.08%,29.6587,96.82%
img_002.webp,prompt_06,41.30%,50.96%,34.77%,35.2486,97.71%
img_002.webp,prompt_07,49.02%,36.70%,34.05%,33.4786,97.88%
img_002.webp,prompt_08,39.85%,31.25%,30.24%,33.6656,97.33%
img_002.webp,prompt_09,46.44%,46.89%,40.67%,32.5262,97.25%
img_002.webp,prompt_10,50.51%,46.10%,29.27%,31.9898,97.18%
img_002.webp,prompt_11,45.37%,25.70%,29.92%,33.1241,98.28%
img_002.webp,prompt_12,46.70%,39.57%,33.09%,28.8137,96.80%
img_002.webp,prompt_13,32.72%,52.10%,33.21%,31.6116,96.34%
img_002.webp,prompt_14,43.76%,41.32%,29.11%,35.7027,98.27%
img_002.webp,prompt_15,46.00%,42.80%,34.56%,33.6905,97.63%
img_002.webp,prompt_16,38.53%,41.38%,34.63%,30.4588,96.74%
img_002.webp,prompt_17,44.16%,45.30%,32.25%,33.5102,97.38%
img_002.webp,prompt_18,44.71%,34.50%,28.30%,31.9813,97.53%
img_002.webp,prompt_19,50.43%,35.31%,29.70%,31.7072,96.93%
img_002.webp,prompt_20,54.72%,33.11%,27.78%,31.0636,97.09%
img_002.webp,prompt_21,49.72%,29.71%,28.37%,35.2659,98.10%
img_002.webp,prompt_22,46.00%,46.68%,26.44%,29.1211,96.79%
img_002.webp,prompt_23,37.60%,24.48%,26.29%,33.8659,97.98%
img_002.webp,prompt_24,41.25%,42.80%,24.50%,30.74,96.18%
img_002.webp,prompt_25,33.12%,51.72%,29.18%,32.7331,97.85%
img_002.webp,prompt_26,48.89%,43.91%,22.66%,37.0763,98.44%
img_002.webp,prompt_27,40.35%,46.94%,25.49%,31.618,96.97%
img_002.webp,prompt_28,38.82%,26.79%,27.09%,34.7135,97.53%
img_002.webp,prompt_29,49.45%,39.80%,30.21%,30.7549,97.39%
img_002.webp,prompt_30,44.43%,37.89%,27.18%,31.4802,96.78%
img_002.webp,prompt_31,37.05%,31.67%,30.36%,33.122,97.48%
img_002.webp,prompt_32,36.64%,31.30%,29.30%,29.2856,96.62%
img_002.webp,prompt_33,51.09%,49.25%,28.42%,30.6835,97.28%
img_002.webp,prompt_34,46.00%,42.80%,29.85%,35.7888,97.81%
img_002.webp,prompt_35,46.00%,42.80%,26.60%,36.9428,98.21%
img_002.webp,prompt_36,48.39%,51.56%,32.47%,33.0079,97.92%
img_002.webp,prompt_37,25.45%,54.80%,29.06%,31.412,98.05%
img_002.webp,prompt_38,50.19%,47.78%,26.18%,30.0199,97.01%
img_002.webp,prompt_39,29.59%,27.93%,27.38%,33.0195,97.63%
img_002.webp,prompt_40,49.06%,42.14%,26.12%,32.5067,97.78%
img_002.webp,prompt_41,49.45%,39.80%,32.72%,34.1103,98.07%
img_003.webp,prompt_01,50.57%,38.03%,23.53%,32.6921,97.90%
img_003.webp,prompt_02,49.32%,46.07%,28.48%,32.4878,96.92%
img_003.webp,prompt_03,43.24%,50.13%,29.68%,33.0364,96.99%
img_003.webp,prompt_04,55.18%,41.98%,29.60%,33.6711,98.04%
img_003.webp,prompt_05,52.60%,33.29%,33.50%,28.362,96.53%
img_003.webp,prompt_06,51.32%,41.81%,34.15%,33.652,97.42%
img_003.webp,prompt_07,48.21%,35.94%,32.78%,35.2932,98.05%
img_003.webp,prompt_08,52.37%,42.80%,24.91%,32.1804,97.03%
img_003.webp,prompt_09,50.75%,49.18%,37.83%,33.22,96.98%
img_003.webp,prompt_10,46.00%,45.74%,26.39%,31.8246,96.99%
img_003.webp,prompt_11,39.16%,47.13%,29.36%,31.8368,97.42%
img_003.webp,prompt_12,40.51%,43.44%,32.77%,30.5409,96.83%
img_003.webp,prompt_13,44.87%,43.22%,28.36%,32.0791,97.48%
img_003.webp,prompt_14,50.69%,45.43%,29.53%,32.5637,97.26%
img_003.webp,prompt_15,48.63%,44.99%,32.51%,33.7375,97.70%
img_003.webp,prompt_16,35.28%,42.78%,31.16%,30.8698,97.43%
img_003.webp,prompt_17,50.75%,49.01%,31.99%,33.5012,97.31%
img_003.webp,prompt_18,44.80%,42.67%,27.45%,32.1971,97.66%
img_003.webp,prompt_19,53.28%,49.76%,28.49%,31.3383,96.95%
img_003.webp,prompt_20,47.70%,52.64%,26.25%,31.0081,97.47%
img_003.webp,prompt_21,49.99%,42.80%,27.45%,32.8736,97.45%
img_003.webp,prompt_22,38.59%,41.13%,25.27%,28.7062,96.56%
img_003.webp,prompt_23,42.44%,42.71%,22.30%,32.0186,97.31%
img_003.webp,prompt_24,45.22%,36.24%,26.09%,31.2273,97.21%
img_003.webp,prompt_25,41.39%,44.52%,23.76%,33.2709,98.18%
img_003.webp,prompt_26,49.51%,57.83%,19.96%,36.3318,97.68%
img_003.webp,prompt_27,48.25%,48.40%,21.82%,34.9922,97.79%
img_003.webp,prompt_28,53.15%,46.72%,25.22%,34.3313,97.52%
img_003.webp,prompt_29,47.98%,37.20%,29.50%,29.606,96.74%
img_003.webp,prompt_30,23.19%,43.68%,24.03%,30.1991,97.00%
img_003.webp,prompt_31,46.53%,49.22%,31.93%,33.0737,98.13%
img_003.webp,prompt_32,36.55%,20.22%,31.28%,31.3394,97.34%
img_003.webp,prompt_33,36.15%,32.79%,24.06%,30.686,97.29%
img_003.webp,prompt_34,45.93%,40.03%,27.16%,34.1089,97.90%
img_003.webp,prompt_35,46.00%,42.80%,27.32%,38.3564,98.49%
img_003.webp,prompt_36,48.74%,44.14%,29.40%,33.4952,98.02%
img_003.webp,prompt_37,53.52%,39.80%,26.72%,31.6584,97.70%
img_003.webp,prompt_38,45.56%,45.56%,28.97%,31.8944,97.48%
img_003.webp,prompt_39,28.48%,39.43%,28.24%,31.9447,97.35%
img_003.webp,prompt_40,41.08%,45.76%,22.16%,32.7181,97.35%
img_003.webp,prompt_41,55.78%,51.27%,30.59%,33.4069,97.67%
img_101.webp,prompt_01,5.64%,62.16%,25.43%,0,0.00%
img_101.webp,prompt_02,0.67%,58.38%,30.78%,0,0.00%
img_101.webp,prompt_03,2.54%,52.58%,30.67%,0,0.00%
img_101.webp,prompt_04,6.91%,54.05%,28.70%,0,0.00%
img_101.webp,prompt_05,0.63%,44.87%,35.88%,0,0.00%
img_101.webp,prompt_06,2.70%,52.12%,30.88%,0,0.00%
img_101.webp,prompt_07,5.02%,54.85%,34.47%,0,0.00%
img_101.webp,prompt_08,2.60%,54.44%,30.09%,0,0.00%
img_101.webp,prompt_09,0.69%,48.07%,38.78%,0,0.00%
img_101.webp,prompt_10,9.02%,48.70%,31.07%,0,0.00%
img_101.webp,prompt_11,4.41%,35.84%,31.79%,0,0.00%
img_101.webp,prompt_12,0.56%,50.17%,33.23%,0,0.00%
img_101.webp,prompt_13,7.53%,42.28%,30.96%,0,0.00%
img_101.webp,prompt_14,0.40%,43.60%,31.11%,0,0.00%
img_101.webp,prompt_15,2.82%,43.17%,34.56%,0,0.00%
img_101.webp,prompt_16,0.23%,45.71%,33.03%,0,0.00%
img_101.webp,prompt_17,7.37%,45.87%,30.62%,0,0.00%
img_101.webp,prompt_18,0.16%,52.59%,32.70%,0,0.00%
img_101.webp,prompt_19,3.08%,45.82%,29.37%,0,0.00%
img_101.webp,prompt_20,2.10%,46.74%,30.00%,0,0.00%
img_101.webp,prompt_21,2.42%,51.04%,28.93%,0,0.00%
img_101.webp,prompt_22,1.41%,37.81%,30.00%,0,0.00%
img_101.webp,prompt_23,1.38%,43.23%,30.26%,0,0.00%
img_101.webp,prompt_24,5.17%,38.48%,31.25%,0,0.00%
img_101.webp,prompt_25,7.13%,46.47%,30.30%,0,0.00%
img_101.webp,prompt_26,3.34%,40.23%,27.66%,0,0.00%
img_101.webp,prompt_27,1.01%,49.03%,29.63%,0,0.00%
img_101.webp,prompt_28,3.34%,40.23%,25.61%,0,0.00%
img_101.webp,prompt_29,6.11%,44.82%,29.86%,0,0.00%
img_101.webp,prompt_30,1.44%,46.58%,29.62%,0,0.00%
img_101.webp,prompt_31,17.65%,53.97%,29.45%,0,0.00%
img_101.webp,prompt_32,2.91%,41.56%,32.48%,0,0.00%
img_101.webp,prompt_33,3.34%,40.23%,28.00%,0,0.00%
img_101.webp,prompt_34,5.77%,45.03%,25.40%,0,0.00%
img_101.webp,prompt_35,3.34%,40.23%,25.11%,0,0.00%
img_101.webp,prompt_36,5.26%,45.02%,33.86%,0,0.00%
img_101.webp,prompt_37,5.61%,54.24%,31.54%,0,0.00%
img_101.webp,prompt_38,0.03%,43.74%,30.27%,0,0.00%
img_101.webp,prompt_39,3.34%,40.23%,33.00%,0,0.00%
img_101.webp,prompt_40,10.56%,57.24%,32.03%,0,0.00%
img_101.webp,prompt_41,1.59%,40.78%,30.05%,0,0.00%
img_102.webp,prompt_01,3.47%,41.40%,27.21%,0,0.00%
img_102.webp,prompt_02,4.61%,40.50%,30.16%,0,0.00%
img_102.webp,prompt_03,3.62%,37.72%,34.02%,0,0.00%
img_102.webp,prompt_04,4.16%,47.21%,30.01%,0,0.00%
img_102.webp,prompt_05,2.82%,36.37%,37.55%,0,0.00%
img_102.webp,prompt_06,2.18%,47.95%,32.94%,0,0.00%
img_102.webp,prompt_07,1.71%,38.41%,35.05%,0,0.00%
img_102.webp,prompt_08,3.65%,36.93%,32.76%,0,0.00%
img_102.webp,prompt_09,8.10%,38.99%,37.14%,0,0.00%
img_102.webp,prompt_10,4.27%,38.32%,31.90%,0,0.00%
img_102.webp,prompt_11,8.07%,36.96%,32.27%,0,0.00%
img_102.webp,prompt_12,4.28%,41.47%,31.91%,0,0.00%
img_102.webp,prompt_13,1.75%,45.88%,32.78%,0,0.00%
img_102.webp,prompt_14,8.65%,36.80%,30.95%,0,0.00%
img_102.webp,prompt_15,3.75%,44.86%,32.86%,0,0.00%
img_102.webp,prompt_16,0.02%,24.40%,34.50%,0,0.00%
img_102.webp,prompt_17,3.59%,42.42%,33.19%,0,0.00%
img_102.webp,prompt_18,0.35%,28.53%,34.54%,0,0.00%
img_102.webp,prompt_19,1.80%,32.15%,31.27%,0,0.00%
img_102.webp,prompt_20,0.79%,39.65%,31.89%,0,0.00%
img_102.webp,prompt_21,2.71%,40.32%,32.60%,0,0.00%
img_102.webp,prompt_22,0.20%,30.18%,29.85%,0,0.00%
img_102.webp,prompt_23,0.81%,42.79%,30.67%,0,0.00%
img_102.webp,prompt_24,6.07%,45.06%,29.01%,0,0.00%
img_102.webp,prompt_25,8.70%,37.25%,33.76%,0,0.00%
img_102.webp,prompt_26,9.45%,39.81%,26.84%,0,0.00%
img_102.webp,prompt_27,1.05%,37.69%,31.28%,0,0.00%
img_102.webp,prompt_28,1.58%,38.21%,28.57%,0,0.00%
img_102.webp,prompt_29,0.05%,36.79%,29.76%,0,0.00%
img_102.webp,prompt_30,11.94%,31.57%,30.79%,0,0.00%
img_102.webp,prompt_31,0.19%,40.13%,24.97%,0,0.00%
img_102.webp,prompt_32,15.55%,35.02%,32.38%,0,0.00%
img_102.webp,prompt_33,1.87%,27.00%,29.93%,0,0.00%
img_102.webp,prompt_34,1.85%,38.88%,26.47%,0,0.00%
img_102.webp,prompt_35,3.34%,40.23%,30.30%,0,0.00%
img_102.webp,prompt_36,7.59%,30.89%,32.85%,0,0.00%
img_102.webp,prompt_37,8.73%,38.47%,32.11%,0,0.00%
img_102.webp,prompt_38,3.06%,39.26%,29.81%,0,0.00%
img_102.webp,prompt_39,6.67%,27.89%,31.13%,0,0.00%
img_102.webp,prompt_40,0.27%,38.98%,27.91%,0,0.00%
img_102.webp,prompt_41,7.41%,38.05%,32.32%,0,0.00%
img_103.webp,prompt_01,1.83%,33.81%,24.12%,0,0.00%
img_103.webp,prompt_02,0.17%,24.91%,30.41%,0,0.00%
img_103.webp,prompt_03,6.61%,40.75%,32.40%,0,0.00%
img_103.webp,prompt_04,1.84%,42.68%,34.95%,0,0.00%
img_103.webp,prompt_05,4.35%,33.37%,37.18%,0,0.00%
img_103.webp,prompt_06,6.20%,45.98%,32.57%,0,0.00%
img_103.webp,prompt_07,1.70%,41.59%,33.02%,0,0.00%
img_103.webp,prompt_08,1.30%,40.54%,29.30%,0,0.00%
img_103.webp,prompt_09,9.21%,39.67%,36.86%,0,0.00%
img_103.webp,prompt_10,8.56%,41.03%,30.64%,0,0.00%
img_103.webp,prompt_11,10.88%,31.25%,33.30%,0,0.00%
img_103.webp,prompt_12,8.06%,29.71%,32.49%,0,0.00%
img_103.webp,prompt_13,10.67%,34.88%,30.56%,0,0.00%
img_103.webp,prompt_14,9.77%,43.59%,30.22%,0,0.00%
img_103.webp,prompt_15,6.27%,28.47%,34.55%,0,0.00%
img_103.webp,prompt_16,6.37%,29.35%,33.16%,0,0.00%
img_103.webp,prompt_17,1.05%,34.76%,33.20%,0,0.00%
img_103.webp,prompt_18,10.89%,34.70%,30.06%,0,0.00%
img_103.webp,prompt_19,1.73%,34.42%,31.56%,0,0.00%
img_103.webp,prompt_20,1.23%,33.30%,29.57%,0,0.00%
img_103.webp,prompt_21,1.18%,36.98%,30.19%,0,0.00%
img_103.webp,prompt_22,6.88%,15.53%,28.24%,0,0.00%
img_103.webp,prompt_23,9.17%,35.78%,30.54%,0,0.00%
img_103.webp,prompt_24,10.65%,41.26%,29.60%,0,0.00%
img_103.webp,prompt_25,0.06%,34.92%,27.70%,0,0.00%
img_103.webp,prompt_26,0.64%,40.59%,26.99%,0,0.00%
img_103.webp,prompt_27,3.03%,26.28%,29.32%,0,0.00%
img_103.webp,prompt_28,7.96%,34.17%,29.49%,0,0.00%
img_103.webp,prompt_29,14.88%,37.74%,32.34%,0,0.00%
img_103.webp,prompt_30,2.22%,26.81%,28.46%,0,0.00%
img_103.webp,prompt_31,9.20%,39.23%,31.38%,0,0.00%
img_103.webp,prompt_32,3.34%,40.23%,31.11%,0,0.00%
img_103.webp,prompt_33,5.47%,29.91%,30.18%,0,0.00%
img_103.webp,prompt_34,5.79%,41.05%,25.54%,0,0.00%
img_103.webp,prompt_35,3.20%,43.40%,30.03%,0,0.00%
img_103.webp,prompt_36,0.92%,26.56%,35.47%,0,0.00%
img_103.webp,prompt_37,5.22%,42.21%,31.56%,0,0.00%
img_103.webp,prompt_38,1.79%,30.18%,32.32%,0,0.00%
img_103.webp,prompt_39,8.51%,27.62%,33.09%,0,0.00%
img_103.webp,prompt_40,0.45%,40.28%,29.71%,0,0.00%
img_103.webp,prompt_41,2.36%,38.64%,31.04%,0,0.00%
